{
  "nodes": [
    {
      "id": 1,
      "x": 400,
      "y": 300,
      "label": "Test",
      "connections": [
        2
      ]
    },
    {
      "id": 2,
      "x": 493.98079648359885,
      "y": 178.4906807415291,
      "label": "Lol",
      "connections": [
        1
      ]
    },
    {
      "id": 3,
      "x": 350,
      "y": 178.4906807415291,
      "label": "Lol",
      "connections": [
        1
      ]
    }
  ]
}